experiment,fields,label,validation_f1,validation_auroc,test_f1,test_auroc,test_positive_count
all_four_fields,chief_complaint + present_illness + past_medical_record + examination,label_caries,0.6815642458100558,0.936207729468599,0.7093023255813954,0.9379361245303274,81
all_four_fields,chief_complaint + present_illness + past_medical_record + examination,label_gingivitis,0.9473684210526315,0.9965866290018833,0.9518716577540107,0.9968456160090011,92
all_four_fields,chief_complaint + present_illness + past_medical_record + examination,label_malocclusion,0.89171974522293,0.9645198295640773,0.9045383411580594,0.964409496143444,298
all_four_fields,chief_complaint + present_illness + past_medical_record + examination,label_pulpitis,0.6153846153846154,0.9710703953712633,0.725,0.9898360011784347,34
all_four_fields,chief_complaint + present_illness + past_medical_record + examination,label_tooth_loss,0.8108108108108109,0.985495347564313,0.7346938775510204,0.9479338842975207,28
all_four_fields,chief_complaint + present_illness + past_medical_record + examination,label_tooth_structure_loss,0.6031746031746031,0.980477759472817,0.35294117647058826,0.9474789915966386,17
single_chief_complaint,chief_complaint,label_caries,0.5482233502538071,0.8539734299516909,0.5591397849462365,0.8314881910896403,81
single_chief_complaint,chief_complaint,label_gingivitis,0.8367346938775511,0.9777640458254865,0.8585858585858586,0.9810736960540063,92
single_chief_complaint,chief_complaint,label_malocclusion,0.8617886178861789,0.932834521468371,0.8885350318471338,0.938204948412301,298
single_chief_complaint,chief_complaint,label_pulpitis,0.47619047619047616,0.9472034715525555,0.6896551724137931,0.9693606992045566,34
single_chief_complaint,chief_complaint,label_tooth_loss,0.5,0.954296661193213,0.5396825396825397,0.8996458087367178,28
single_chief_complaint,chief_complaint,label_tooth_structure_loss,0.2708333333333333,0.847322899505766,0.1875,0.8152215431627197,17
single_present_illness,present_illness,label_caries,0.37540453074433655,0.813828502415459,0.41496598639455784,0.7959496332080873,81
single_present_illness,present_illness,label_gingivitis,0.8804347826086957,0.9803240740740741,0.8913043478260869,0.975608776018645,92
single_present_illness,present_illness,label_malocclusion,0.8743718592964824,0.9381555227794166,0.8729641693811075,0.9309125513372735,298
single_present_illness,present_illness,label_pulpitis,0.5172413793103449,0.9579556412729027,0.6419753086419753,0.9471668467052932,34
single_present_illness,present_illness,label_tooth_loss,0.4583333333333333,0.8902572523262179,0.5373134328358209,0.8666469893742622,28
single_present_illness,present_illness,label_tooth_structure_loss,0.25882352941176473,0.8766886326194399,0.15384615384615385,0.7855233002291826,17
single_past_medical_record,past_medical_record,label_caries,0.26356589147286824,0.7009057971014493,0.29880478087649404,0.6795155662909286,81
single_past_medical_record,past_medical_record,label_gingivitis,0.680327868852459,0.9331450094161958,0.7058823529411765,0.9445873181708592,92
single_past_medical_record,past_medical_record,label_malocclusion,0.7214484679665738,0.743572803998689,0.7307171853856563,0.7400530902534309,298
single_past_medical_record,past_medical_record,label_pulpitis,0.06015037593984962,0.6996624879459981,0.13930348258706468,0.7240989885102622,34
single_past_medical_record,past_medical_record,label_tooth_loss,0.29850746268656714,0.8423645320197044,0.3023255813953488,0.7698642266824085,28
single_past_medical_record,past_medical_record,label_tooth_structure_loss,0.21428571428571427,0.8031301482701813,0.19047619047619047,0.8002769289533996,17
single_examination,examination,label_caries,0.650887573964497,0.9078019323671498,0.6847826086956522,0.9222580067990697,81
single_examination,examination,label_gingivitis,0.9230769230769231,0.9968612680477087,0.9574468085106383,0.9977497388089689,92
single_examination,examination,label_malocclusion,0.8509316770186336,0.917260734185513,0.8813559322033898,0.9350245417209255,298
single_examination,examination,label_pulpitis,0.5818181818181818,0.9493731918997108,0.7317073170731707,0.9868408131199058,34
single_examination,examination,label_tooth_loss,0.6857142857142857,0.975095785440613,0.72,0.9444510035419126,28
single_examination,examination,label_tooth_structure_loss,0.5806451612903226,0.9819604612850084,0.4,0.954449961802903,17
