split,label,rows,positive_rows,direct_match_rows,direct_match_rate,proxy_match_rows,proxy_match_rate
train,label_caries,2935,326,183,0.062350936967632026,136,0.04633730834752981
train,label_gingivitis,2935,406,52,0.017717206132879047,322,0.10971039182282794
train,label_malocclusion,2935,1455,5,0.0017035775127768314,1288,0.43884156729131174
train,label_pulpitis,2935,132,0,0.0,18,0.006132879045996593
train,label_tooth_loss,2935,73,42,0.014310051107325384,109,0.03713798977853492
train,label_tooth_structure_loss,2935,102,0,0.0,51,0.01737649063032368
test,label_caries,633,81,46,0.07266982622432859,30,0.04739336492890995
test,label_gingivitis,633,92,4,0.00631911532385466,78,0.12322274881516587
test,label_malocclusion,633,298,0,0.0,274,0.43285939968404424
test,label_pulpitis,633,34,0,0.0,5,0.007898894154818325
test,label_tooth_loss,633,28,9,0.014218009478672985,31,0.04897314375987362
test,label_tooth_structure_loss,633,17,0,0.0,8,0.01263823064770932
validation,label_caries,627,75,41,0.06539074960127592,33,0.05263157894736842
validation,label_gingivitis,627,96,7,0.011164274322169059,75,0.11961722488038277
validation,label_malocclusion,627,288,1,0.001594896331738437,297,0.47368421052631576
validation,label_pulpitis,627,17,0,0.0,3,0.004784688995215311
validation,label_tooth_loss,627,18,10,0.01594896331738437,36,0.05741626794258373
validation,label_tooth_structure_loss,627,20,0,0.0,6,0.009569377990430622
