text_column,label,total_rows,direct_match_rows,direct_match_rate,direct_match_positive_label,direct_match_negative_label,proxy_match_rows,proxy_match_rate,proxy_match_positive_label,proxy_match_negative_label,direct_examples,proxy_examples
chief_complaint,label_caries,8775,22,0.0025071225071225073,20,2,71,0.008091168091168091,67,4,"[{""index"": 15, ""terms"": [""caries""], ""text"": ""The patient was referred from orthodontics due to caries on both posterior teeth for three months.""}, {""index"": 69, ""terms"": [""caries""], ""text"": ""The patient reports caries on both lower posterior teeth for several months.""}, {""index"": 787, ""terms"": [""caries""], ""text"": ""The patient reports discomfort due to caries in the upper right posterior tooth for several weeks.""}, {""index"": 791, ""terms"": [""caries""], ""text"": ""The patient reports discomfort from caries in the lower left posterior tooth for several weeks.""}, {""index"": 819, ""terms"": [""caries""], ""text"": ""The patient reports discomfort from caries in the lower left posterior tooth for several weeks.""}]","[{""index"": 259, ""terms"": [""cavity""], ""text"": ""The patient reports noticing a cavity in the lower posterior tooth for six months.""}, {""index"": 296, ""terms"": [""decay""], ""text"": ""The patient reports decay in the upper left posterior tooth. Denies recent travel to high-risk areas or contact with COVID-19 cases.""}, {""index"": 437, ""terms"": [""cavity""], ""text"": ""The patient reports a cavity in the upper left posterior tooth for several days.""}, {""index"": 452, ""terms"": [""cavities""], ""text"": ""The patient reports cavities in posterior teeth on both sides for several days.""}, {""index"": 861, ""terms"": [""cavity""], ""text"": ""The patient reports a cavity in the upper left posterior tooth for several days.""}]"
chief_complaint,label_gingivitis,8775,1,0.00011396011396011396,1,0,407,0.04638176638176638,403,4,"[{""index"": 469, ""terms"": [""gingivitis""], ""text"": ""Follow-up for chronic gingivitis (K05.151) with pigmentation. Treatment: Full-mouth supragingival ultrasonic scaling.""}]","[{""index"": 16, ""terms"": [""gingival swelling""], ""text"": ""The patient reports gingival swelling in the upper left posterior region.""}, {""index"": 84, ""terms"": [""gingival bleeding""], ""text"": ""The patient reports gingival bleeding upon stimulation for several months.""}, {""index"": 86, ""terms"": [""gum bleeding""], ""text"": ""The patient reports gum bleeding upon stimulation for several months.""}, {""index"": 88, ""terms"": [""gum bleeding""], ""text"": ""The patient reports gum bleeding at the front teeth margin for over a month and requests cleaning.""}, {""index"": 118, ""terms"": [""gingival bleeding""], ""text"": ""The patient reports gingival bleeding upon stimulation for several months, requesting dental cleaning.""}]"
chief_complaint,label_malocclusion,8775,2,0.0002279202279202279,2,0,118,0.013447293447293448,61,57,"[{""index"": 3863, ""terms"": [""malocclusion""], ""text"": ""The patient is concerned about the aesthetic impact of malocclusion and seeks orthodontic treatment.""}, {""index"": 6266, ""terms"": [""malocclusion""], ""text"": ""Follow-up consultation. Diagnosis: Angle’s Class I malocclusion (K07.200x011).""}]","[{""index"": 144, ""terms"": [""crowding""], ""text"": ""Crowding and misalignment of teeth for several years. Denies recent travel to high-risk areas or contact with COVID-19 cases.""}, {""index"": 251, ""terms"": [""crowding""], ""text"": ""The patient reports long-standing dental crowding and protrusion of the front teeth.""}, {""index"": 252, ""terms"": [""crowding""], ""text"": ""The patient reports several years of perceived dental crowding.""}, {""index"": 254, ""terms"": [""crowding""], ""text"": ""The patient is concerned about dental crowding affecting aesthetics and seeks orthodontic treatment.""}, {""index"": 265, ""terms"": [""crowding""], ""text"": ""Referred for orthodontic treatment, seeking tooth extraction to alleviate crowding.""}]"
chief_complaint,label_pulpitis,8775,1,0.00011396011396011396,1,0,0,0.0,0,0,"[{""index"": 464, ""terms"": [""pulpitis""], ""text"": ""Follow-up consultation. Diagnosis: Pulpitis.""}]",[]
chief_complaint,label_tooth_loss,8775,24,0.002735042735042735,13,11,82,0.009344729344729345,71,11,"[{""index"": 2, ""terms"": [""tooth loss""], ""text"": ""The patient reports partial tooth loss in the upper left posterior region.""}, {""index"": 508, ""terms"": [""tooth loss""], ""text"": ""The patient reports partial tooth loss in the upper left posterior region.""}, {""index"": 871, ""terms"": [""missing teeth""], ""text"": ""The patient reports multiple missing teeth for several years.""}, {""index"": 941, ""terms"": [""tooth loss""], ""text"": ""The patient reports partial tooth loss in the upper left posterior region.""}, {""index"": 973, ""terms"": [""tooth loss""], ""text"": ""The patient reports tooth loss.""}]","[{""index"": 440, ""terms"": [""missing""], ""text"": ""The patient reports missing lower right posterior tooth for several months.""}, {""index"": 602, ""terms"": [""missing""], ""text"": ""The patient reports missing upper right posterior teeth for several years.""}, {""index"": 726, ""terms"": [""missing""], ""text"": ""The patient reports missing lower right posterior teeth for several months and requests restoration.""}, {""index"": 810, ""terms"": [""missing""], ""text"": ""Missing posterior teeth on the right side for several years, seeking crown preparation.""}, {""index"": 847, ""terms"": [""missing""], ""text"": ""The patient reports missing several mandibular teeth for several months.""}]"
chief_complaint,label_tooth_structure_loss,8775,2,0.0002279202279202279,2,0,21,0.002393162393162393,7,14,"[{""index"": 903, ""terms"": [""tooth structure loss""], ""text"": ""The patient requests restoration for tooth structure loss in the lower posterior tooth.""}, {""index"": 5075, ""terms"": [""tooth structure loss""], ""text"": ""The patient seeks treatment for aesthetic concerns due to anterior tooth structure loss.""}]","[{""index"": 467, ""terms"": [""fracture""], ""text"": ""Follow-up for tooth fracture (K02.401).""}, {""index"": 1319, ""terms"": [""fracture""], ""text"": ""The patient reports a fracture in the upper right anterior tooth for one week, seeking treatment.""}, {""index"": 2480, ""terms"": [""fracture""], ""text"": ""The patient reports partial tooth fracture in the upper left posterior tooth.""}, {""index"": 2547, ""terms"": [""fracture""], ""text"": ""The patient reports a fracture of the upper left posterior tooth for several days.""}, {""index"": 2565, ""terms"": [""fracture""], ""text"": ""The patient reports a fracture in the upper left posterior tooth for one week.""}]"
present_illness,label_caries,8775,26,0.002962962962962963,24,2,60,0.006837606837606838,52,8,"[{""index"": 15, ""terms"": [""caries""], ""text"": ""The patient reports caries on both sides of the posterior teeth and seeks treatment.""}, {""index"": 47, ""terms"": [""caries""], ""text"": ""The patient has had caries in the left lower posterior teeth for years, with recent pain during eating and cold sensitivity affecting eating.""}, {""index"": 69, ""terms"": [""caries""], ""text"": ""The patient has experienced caries on both lower posterior teeth for several months.""}, {""index"": 787, ""terms"": [""caries""], ""text"": ""The patient has experienced discomfort from caries in the upper right posterior tooth for several weeks, affecting eating, and returns for continued treatment.""}, {""index"": 791, ""terms"": [""caries""], ""text"": ""The patient has experienced discomfort from caries in the lower left posterior tooth for several weeks, affecting eating, and is returning for continued treatment.""}]","[{""index"": 259, ""terms"": [""cavity""], ""text"": ""The patient discovered a cavity in the lower posterior tooth six months ago. Although it is painless, it has been enlarging, prompting a request for a filling.""}, {""index"": 437, ""terms"": [""cavity""], ""text"": ""The patient has experienced a cavity in the upper left posterior tooth for several days with pain upon eating acidic foods, prompting today's visit.""}, {""index"": 450, ""terms"": [""cavity""], ""text"": ""The patient has a cavity in the lower right posterior tooth, experiencing pain upon eating, prompting today's visit.""}, {""index"": 452, ""terms"": [""cavities""], ""text"": ""Cavities in posterior teeth on both sides have been present for several days, affecting eating, prompting today's visit.""}, {""index"": 861, ""terms"": [""cavity""], ""text"": ""The patient has experienced a cavity in the upper left posterior tooth for several days, with pain upon eating acidic foods, prompting today's visit.""}]"
present_illness,label_gingivitis,8775,0,0.0,0,0,527,0.060056980056980055,515,12,[],"[{""index"": 4, ""terms"": [""gingival bleeding""], ""text"": ""For the past month, the patient has experienced gingival bleeding during brushing and chewing, which stops with rinsing. The patient seeks treatment.""}, {""index"": 16, ""terms"": [""gingival swelling""], ""text"": ""The patient experiences gingival swelling in the upper left posterior region, affecting eating, and seeks treatment.""}, {""index"": 45, ""terms"": [""bleeding gums""], ""text"": ""The patient has experienced bleeding gums during tooth brushing for several months without pain.""}, {""index"": 53, ""terms"": [""gingival bleeding""], ""text"": ""For the past month, the patient has experienced gingival bleeding during brushing and chewing, which stops with rinsing. The patient seeks treatment.""}, {""index"": 74, ""terms"": [""gingival bleeding""], ""text"": ""For the past month, the patient has experienced gingival bleeding during brushing and chewing, which subsides with rinsing, prompting today’s consultation.""}]"
present_illness,label_malocclusion,8775,0,0.0,0,0,219,0.024957264957264958,138,81,[],"[{""index"": 122, ""terms"": [""crowding""], ""text"": ""The patient describes crowding of teeth affecting aesthetics, prompting today's visit.""}, {""index"": 144, ""terms"": [""crowding""], ""text"": ""Crowding and protrusion of upper and lower teeth, seeking treatment.""}, {""index"": 154, ""terms"": [""malalignment""], ""text"": ""Post-exfoliation, the malalignment of teeth has progressively worsened, affecting function and aesthetics.""}, {""index"": 155, ""terms"": [""malalignment""], ""text"": ""Post-exfoliation, the malalignment of teeth has progressively worsened, affecting function and aesthetics.""}, {""index"": 164, ""terms"": [""crowding""], ""text"": ""Since the eruption of permanent teeth, the parents have noticed crowding of the lower anterior teeth and seek orthodontic treatment.""}]"
present_illness,label_pulpitis,8775,0,0.0,0,0,0,0.0,0,0,[],[]
present_illness,label_tooth_loss,8775,19,0.0021652421652421654,10,9,66,0.007521367521367521,56,10,"[{""index"": 2, ""terms"": [""tooth loss""], ""text"": ""Two days ago, the patient experienced partial tooth loss while biting hard food. There is occasional sensitivity to acidic or sweet foods. Approximately 20 years ago, the tooth received a filling at an external clinic, details unknown. No spontaneous pain or other significant discomfort reported.""}, {""index"": 871, ""terms"": [""missing teeth""], ""text"": ""The patient reports multiple missing teeth for several years, with gradual tooth mobility and displacement, bleeding during brushing, but no significant pain.""}, {""index"": 941, ""terms"": [""tooth loss""], ""text"": ""Two days ago, the patient experienced partial tooth loss in the upper left posterior tooth while biting hard food. Occasionally, there is sensitivity to sour and sweet foods. The tooth had a previous filling treatment at another clinic over 20 years ago, with no spontaneous pain or other significant discomfort. The patient presents today for evaluation.""}, {""index"": 1305, ""terms"": [""missing teeth""], ""text"": ""The patient has experienced missing teeth for several months, affecting eating, and seeks treatment.""}, {""index"": 1356, ""terms"": [""missing teeth""], ""text"": ""The patient has been missing teeth for several months, impacting eating, and seeks treatment.""}]","[{""index"": 440, ""terms"": [""missing""], ""text"": ""The patient has experienced missing lower right posterior tooth for several months, affecting eating, prompting today's visit.""}, {""index"": 602, ""terms"": [""missing""], ""text"": ""The patient reports missing upper right posterior teeth, affecting eating, and seeks treatment.""}, {""index"": 726, ""terms"": [""missing""], ""text"": ""The patient has experienced missing lower right posterior teeth for several months, affecting eating, and seeks restoration.""}, {""index"": 810, ""terms"": [""missing""], ""text"": ""The patient has experienced discomfort while eating due to missing posterior teeth on the right side for several years and seeks crown preparation.""}, {""index"": 847, ""terms"": [""missing""], ""text"": ""The patient reports missing several mandibular teeth for several months and seeks treatment today. Denies travel or contact history related to COVID-19.""}]"
present_illness,label_tooth_structure_loss,8775,1,0.00011396011396011396,1,0,24,0.002735042735042735,3,21,"[{""index"": 5075, ""terms"": [""tooth structure loss""], ""text"": ""The patient presents with aesthetic concerns due to anterior tooth structure loss.""}]","[{""index"": 618, ""terms"": [""wear""], ""text"": ""After 90 months of orthodontic treatment, the patient has completed appliance wear.""}, {""index"": 1319, ""terms"": [""fracture""], ""text"": ""The patient has multiple carious teeth on the right side, with a fracture in the upper right anterior tooth occurring one week ago, requesting restoration.""}, {""index"": 1945, ""terms"": [""wear""], ""text"": ""The patient is in the 14th month of orthodontic treatment, with teeth alignment in progress, and has completed the first phase of appliance wear.""}, {""index"": 2573, ""terms"": [""fracture""], ""text"": ""The patient experienced a crown fracture of the maxillary anterior tooth several years ago, which has since darkened, prompting today's visit.""}, {""index"": 2679, ""terms"": [""wear""], ""text"": ""The patient is in the fourth month of orthodontic treatment, with teeth alignment in progress, and has completed this stage of appliance wear.""}]"
past_medical_record,label_caries,8775,2,0.0002279202279202279,2,0,0,0.0,0,0,"[{""index"": 5485, ""terms"": [""caries"", ""dental caries""], ""text"": ""History of dental caries fillings.""}, {""index"": 5751, ""terms"": [""caries"", ""dental caries""], ""text"": ""History of dental caries fillings.""}]",[]
past_medical_record,label_gingivitis,8775,0,0.0,0,0,0,0.0,0,0,[],[]
past_medical_record,label_malocclusion,8775,1,0.00011396011396011396,0,1,1,0.00011396011396011396,1,0,"[{""index"": 6669, ""terms"": [""malocclusion""], ""text"": ""No history of orthodontic treatment. The patient reports no systemic diseases such as hypertension or diabetes, no infectious diseases like hepatitis or tuberculosis, and no allergies to medications. Family history of malocclusion is not reported.""}]","[{""index"": 6617, ""terms"": [""overbite""], ""text"": ""The patient is healthy with habits of lip biting and finger sucking, and has a deep overbite.""}]"
past_medical_record,label_pulpitis,8775,0,0.0,0,0,0,0.0,0,0,[],[]
past_medical_record,label_tooth_loss,8775,0,0.0,0,0,0,0.0,0,0,[],[]
past_medical_record,label_tooth_structure_loss,8775,0,0.0,0,0,1,0.00011396011396011396,0,1,[],"[{""index"": 6083, ""terms"": [""wear""], ""text"": ""The patient had previous orthodontic treatment in middle school but did not wear the retainer properly, leading to relapse. No history of hypertension, diabetes, hepatitis, tuberculosis, or drug allergies. The patient reports a history of rhinitis, adenoid, and tonsil hypertrophy.""}]"
examination,label_caries,8775,416,0.047407407407407405,404,12,323,0.03680911680911681,258,65,"[{""index"": 0, ""terms"": [""caries""], ""text"": ""Tooth 48 shows mesial impaction with carious lesions on contacting surfaces. Tooth 47 has a distal carious defect with cold sensitivity but no percussion pain, gingival inflammation, or mobility. Tooth 18 is buccally displaced with occlusal caries. Tooth 16 has a fractured enamel–dentin area with exposed dentin, negative cold and percussion tests, healthy gingiva, and no mobility.""}, {""index"": 15, ""terms"": [""caries""], ""text"": ""Teeth 36, 37, 46, 47 show occlusal and buccal caries reaching the middle dentin layer, with normal cold and heat tests. Teeth 11, 12, 13, 21, 22, 23 show demineralization of enamel at the cervical labial area with soft probing, and normal cold and heat tests.""}, {""index"": 33, ""terms"": [""caries""], ""text"": ""Tooth 26 is temporarily sealed, percussion negative, and not mobile. Teeth 12 and 13 have cervical caries extending to deep dentin, subgingival by 1mm, with healthy gingiva. Teeth 14, 36, 44, and 46 have cervical carious lesions reaching mid-dentin, negative to probing and cold tests, and percussion negative.""}, {""index"": 47, ""terms"": [""caries""], ""text"": ""Teeth 35 and 45 have extensive distal occlusal caries with deep cavities, positive probing and cold tests, negative percussion, and no mobility. Teeth 36, 46, and 47 have occlusal and buccal pit caries, negative probing, cold, percussion tests, and no mobility. Tooth 14 has a history of root canal treatment with filling loss and extensive distal occlusal caries extending subgingivally, negative percussion. Tooth 15 has a resin filling with marginal caries, negative cold and percussion tests, and""}, {""index"": 49, ""terms"": [""caries""], ""text"": ""Tooth 14 has the same history as before, with extensive occlusal caries and palatal defects extending subgingivally, with no discomfort reported by the patient.""}]","[{""index"": 0, ""terms"": [""carious""], ""text"": ""Tooth 48 shows mesial impaction with carious lesions on contacting surfaces. Tooth 47 has a distal carious defect with cold sensitivity but no percussion pain, gingival inflammation, or mobility. Tooth 18 is buccally displaced with occlusal caries. Tooth 16 has a fractured enamel–dentin area with exposed dentin, negative cold and percussion tests, healthy gingiva, and no mobility.""}, {""index"": 18, ""terms"": [""cavity""], ""text"": ""Tooth 15 is temporarily sealed with a small amount of food debris in the cavity, negative percussion. No fresh exudate in the root canal.""}, {""index"": 23, ""terms"": [""cavity""], ""text"": ""Tooth 41 is temporarily sealed with a small amount of food debris in the cavity, percussion test negative. The root canal shows no fresh exudate. Tooth 43 has a large distal defect with soft probing, percussion test negative, and no response to electric vitality testing.""}, {""index"": 33, ""terms"": [""carious""], ""text"": ""Tooth 26 is temporarily sealed, percussion negative, and not mobile. Teeth 12 and 13 have cervical caries extending to deep dentin, subgingival by 1mm, with healthy gingiva. Teeth 14, 36, 44, and 46 have cervical carious lesions reaching mid-dentin, negative to probing and cold tests, and percussion negative.""}, {""index"": 35, ""terms"": [""cavity""], ""text"": ""Tooth 46 is temporarily sealed with minor food debris in the cavity, negative percussion, and no fresh exudate in the canal. Tooth 23 is discolored, percussion is slightly positive, and no response to electric pulp testing. Improved gingival bleeding, debris index (DI): 1, calculus index (Cl): 1 (supragingival calculus covering less than 1/3 of the tooth surface, detectable attachment loss, subgingival calculus present), bleeding index: 4 (bleeding fills and overflows the gingival sulcus upon pr""}]"
examination,label_gingivitis,8775,253,0.028831908831908833,12,241,1537,0.17515669515669516,1063,474,"[{""index"": 0, ""terms"": [""gingival inflammation""], ""text"": ""Tooth 48 shows mesial impaction with carious lesions on contacting surfaces. Tooth 47 has a distal carious defect with cold sensitivity but no percussion pain, gingival inflammation, or mobility. Tooth 18 is buccally displaced with occlusal caries. Tooth 16 has a fractured enamel–dentin area with exposed dentin, negative cold and percussion tests, healthy gingiva, and no mobility.""}, {""index"": 48, ""terms"": [""gingival inflammation""], ""text"": ""Tooth 35 is temporarily sealed, negative percussion, no gingival inflammation, no mobility, and the patient has no discomfort. Teeth 45, 46, and 47 are the same as before.""}, {""index"": 419, ""terms"": [""gingival inflammation""], ""text"": ""Tooth 43 shows no percussion pain or gingival inflammation and is temporarily sealed.""}, {""index"": 438, ""terms"": [""gingival inflammation""], ""text"": ""Tooth 36 shows no percussion pain or gingival inflammation and is temporarily sealed.""}, {""index"": 465, ""terms"": [""gingival inflammation""], ""text"": ""Tooth 47: No percussion pain, no gingival inflammation, temporary crown present. Teeth 44 and 45: No percussion pain, no gingival inflammation, temporarily sealed.""}]","[{""index"": 16, ""terms"": [""gingival redness""], ""text"": ""Tooth 27 shows grade III mobility, gingival redness, swelling, and bleeding on probing, with ++ mobility. All teeth exhibit grade I mobility, subgingival calculus, and bleeding on probing. Teeth 11 and 21 have poorly fitting porcelain restorations, grade II mobility, and lingual gingival recession.""}, {""index"": 25, ""terms"": [""gingival redness""], ""text"": ""Tooth 26 has a temporary crown in place, negative percussion test, slight gingival redness, and some plaque accumulation.""}, {""index"": 27, ""terms"": [""gingival swelling""], ""text"": ""Teeth alignment is effective, but oral hygiene is poor with gingival swelling, especially in the molar regions.""}, {""index"": 29, ""terms"": [""gingival redness""], ""text"": ""Generalized demineralization with white and yellow spots on teeth, no enamel defects, negative percussion test, slight gingival redness, and easy bleeding on probing.""}, {""index"": 35, ""terms"": [""gingival bleeding""], ""text"": ""Tooth 46 is temporarily sealed with minor food debris in the cavity, negative percussion, and no fresh exudate in the canal. Tooth 23 is discolored, percussion is slightly positive, and no response to electric pulp testing. Improved gingival bleeding, debris index (DI): 1, calculus index (Cl): 1 (supragingival calculus covering less than 1/3 of the tooth surface, detectable attachment loss, subgingival calculus present), bleeding index: 4 (bleeding fills and overflows the gingival sulcus upon pr""}]"
examination,label_malocclusion,8775,4,0.0004558404558404558,0,4,2079,0.23692307692307693,1504,575,"[{""index"": 2645, ""terms"": [""malocclusion""], ""text"": ""Angle's Class II malocclusion.""}, {""index"": 2802, ""terms"": [""malocclusion""], ""text"": ""General oral environment is average, calculus present, gingival redness and bleeding on probing. Malocclusion with several retained primary teeth, some mobile. Large interdental spaces; tooth 37 has a black line on the surface.""}, {""index"": 4587, ""terms"": [""malocclusion""], ""text"": ""Teeth 11, 12, 13, 14, 15, 16, 17, 21, 22, 23, 24, 25, 26, 27, 31, 32, 33, 34, 35, 36, 37, 41, 42, 43, 44, 45, 46, 47 exhibit moderate to severe gingival recession with bleeding on probing, varying degrees of mobility, periodontal pockets, and subgingival calculus. Oral hygiene is average with a plaque index (Dl) of 1 and calculus index (Cl) of 1, indicating supragingival calculus covering less than one-third of the tooth surface. Gingiva is red and swollen with loss of stippling. Malocclusion an""}, {""index"": 4691, ""terms"": [""malocclusion""], ""text"": ""Tooth 31 shows slight discoloration, negative percussion, and healthy gingiva. Deep overbite and overjet in the anterior teeth, malocclusion with multiple occlusal interference points, and joint clicking on wide opening.""}]","[{""index"": 11, ""terms"": [""overbite"", ""crowding""], ""text"": ""1. Teeth and dental arch: mixed dentition period; arch form: ovoid; crowding: mild. Normal overbite and overjet; midline aligned. 2. Other oral soft and hard tissues: oral hygiene and periodontal condition are moderate. Normal labial and lingual frenulum attachments. Normal tongue body. 3. Facial morphology and others: facial asymmetry. Profile: convex. Deep mentolabial sulcus.""}, {""index"": 13, ""terms"": [""overbite"", ""crowding""], ""text"": ""1. Teeth and dental arch: permanent dentition period; arch form: ovoid; crowding: mild. 2. Occlusion: molar and canine relationships are neutral. Normal overbite and overjet; midline aligned. 3. Other oral soft and hard tissues: oral hygiene and periodontal condition are moderate. Normal labial and lingual frenulum attachments. Normal tongue body. 4. Facial morphology and others: facial asymmetry. Profile: straight. Normal mentolabial sulcus.""}, {""index"": 14, ""terms"": [""overbite"", ""spacing""], ""text"": ""The full dental arch is aligned with a 2mm overbite and 1.5mm overjet. Midline is aligned with no excess spacing. Tongue thrusting habit noted; teeth 37 and 47 show ink-stained changes.""}, {""index"": 28, ""terms"": [""overbite"", ""spacing""], ""text"": ""The upper and lower dental arches are aligned with no spacing, overbite and overjet are normal, occlusion is good, the upper midline is centered, and the lower midline is shifted to the left. The patient is informed and requests to end orthodontic treatment.""}, {""index"": 31, ""terms"": [""overbite"", ""crowding""], ""text"": ""1. Teeth and dental arches: Mixed dentition stage; arch form: oval; mild crowding; normal overbite and overjet; midline normal. 3. Other oral soft and hard tissues: Oral hygiene is average. Periodontal status is average. Normal frenulum attachments. Normal tongue and tongue tie. 4. Facial form and other: Facial asymmetry noted. Straight facial profile. Shallow labiomental groove.""}]"
examination,label_pulpitis,8775,0,0.0,0,0,56,0.006381766381766382,45,11,[],"[{""index"": 394, ""terms"": [""pulp exposure"", ""pulp exposure""], ""text"": ""Tooth 43 shows extensive lingual surface damage with a probing pulp exposure, positive percussion, and pain on cold testing.""}, {""index"": 407, ""terms"": [""pulp exposure"", ""pulp exposure""], ""text"": ""Tooth 25 shows extensive mesial occlusal defect with pulp exposure, positive percussion, and no response to electric vitality testing.""}, {""index"": 410, ""terms"": [""pulp exposure"", ""pulp exposure""], ""text"": ""Tooth 25 shows extensive cervical and distal occlusal defects with a visible pulp exposure, positive percussion, and pain on cold testing. Teeth 22, 23, 24, and 26 show cervical defects with dark discoloration and soft texture, negative percussion, and gingival recession. Generalized bone loss, gingival recession, and root exposure are noted, with sensitivity to cold testing.""}, {""index"": 424, ""terms"": [""pulp exposure"", ""pulp exposure""], ""text"": ""Gingiva in the upper right region shows good healing with no significant abnormalities. Tooth 42 shows grade III mobility, gingival redness, and bleeding on probing. Tooth 46 has deep distal caries with pulp exposure, positive cold and probing responses.""}, {""index"": 532, ""terms"": [""pulp exposure"", ""pulp exposure""], ""text"": ""Temporary crowns are present on teeth 36 and 37 with no soft tissue abnormalities. Teeth 11, 12, 21, and 22 show brown cavitated lesions at proximal contacts with soft probing. Teeth 12 and 22 exhibit spontaneous pain, percussion sensitivity, and cold test pain, with detectable pulp exposure.""}]"
examination,label_tooth_loss,8775,68,0.00774928774928775,20,48,242,0.027578347578347578,102,140,"[{""index"": 19, ""terms"": [""edentulous""], ""text"": ""Teeth 15 and 16 are temporarily sealed with no soft tissue abnormalities. Tooth 14 is missing, with normal mucosa in the edentulous area and normal occlusal-gingival distance. Tooth 13 shows brown discoloration on mesial and distal surfaces, with soft probing, yellow color, negative percussion, and depth reaching the dentin layer.""}, {""index"": 348, ""terms"": [""missing teeth""], ""text"": ""1. Teeth and dental arch: Permanent dentition; Arch form: oval; Crowding: mild. 2. Occlusion: Molar relationship: neutral. Anterior overbite: I0; Anterior overjet: I0; Midline shifted to the right. 3. Other oral soft and hard tissues: Oral hygiene is moderate. Periodontal condition is moderate. Normal labial and lingual frenum attachment. Normal tongue morphology. 4. Facial morphology and others: Facial asymmetry. Convex profile. Deep mentolabial sulcus. Missing teeth 12, 31 with retained primar""}, {""index"": 638, ""terms"": [""missing tooth""], ""text"": ""Extraoral frontal view: facial symmetry, centered chin, proportional facial height. Lateral view: straight profile (retrognathic mandible). Intraoral examination: permanent dentition, molar relationship: Class II, canine relationship: Class II, Grade II deep overbite. Mild crowding of maxillary arch, square-round arch form, aligned midline, lingual inclination of maxillary incisors, visible restorations on teeth 16, 17, 26, 11, 21. Mild crowding of mandibular arch, oval arch form, deep Curve of ""}, {""index"": 651, ""terms"": [""missing teeth""], ""text"": ""1. Teeth and dental arch: Permanent dentition; arch form: ovoid; moderate crowding; congenitally missing teeth noted. 2. Occlusion: Molar relationship: mild mesial on the left. Normal overbite and overjet; midline deviation to the right. 3. Other oral soft and hard tissues: Good oral hygiene and periodontal condition. Normal palatal vault, labial and lingual frenulum, and tongue. 4. Facial morphology: Asymmetry with a convex profile and chin deviation.""}, {""index"": 653, ""terms"": [""missing teeth""], ""text"": ""1. Teeth and dental arch: Permanent dentition; arch form: ovoid; moderate crowding. 2. Occlusion: Molar relationship: mild mesial; canine relationship: mesial. Normal overbite and overjet; midline deviation to the right. 3. Other oral soft and hard tissues: Moderate oral hygiene and periodontal condition. Normal labial and lingual frenulum, and tongue. 4. Facial morphology: Asymmetry with a convex profile, deep mentolabial sulcus. Missing teeth 45, 22 in crossbite.""}]","[{""index"": 19, ""terms"": [""missing"", ""edentulous area""], ""text"": ""Teeth 15 and 16 are temporarily sealed with no soft tissue abnormalities. Tooth 14 is missing, with normal mucosa in the edentulous area and normal occlusal-gingival distance. Tooth 13 shows brown discoloration on mesial and distal surfaces, with soft probing, yellow color, negative percussion, and depth reaching the dentin layer.""}, {""index"": 220, ""terms"": [""missing""], ""text"": ""1. Teeth and dental arch: Mixed dentition phase; arch form: tapering; crowding: moderate. 2. Occlusion: Molar relationship: neutral. Anterior overbite II0; anterior overjet III0; midline deviation to the right. 3. Other oral soft and hard tissues: Oral hygiene is average. Periodontal status is good. Normal labial and lingual frenulum. Normal tongue. 4. Facial form: Asymmetry with a convex profile. Tooth 31 is missing.""}, {""index"": 258, ""terms"": [""missing""], ""text"": ""1. Teeth and dental arches: Permanent dentition; arch form: tapered-round; crowding: mild. 2. Occlusion: Molar relationship: mild mesial on the left, mild distal on the right; anterior overbite and overjet: normal; midline: normal. 3. Other oral soft and hard tissues: Oral hygiene: moderate. Periodontal status: moderate. Labial frenulum: normal. Lingual frenulum: normal. Tongue: normal. 4. Facial morphology: asymmetrical. Facial profile: convex. Shallow mentolabial groove. Tooth 35 is missing.""}, {""index"": 348, ""terms"": [""missing""], ""text"": ""1. Teeth and dental arch: Permanent dentition; Arch form: oval; Crowding: mild. 2. Occlusion: Molar relationship: neutral. Anterior overbite: I0; Anterior overjet: I0; Midline shifted to the right. 3. Other oral soft and hard tissues: Oral hygiene is moderate. Periodontal condition is moderate. Normal labial and lingual frenum attachment. Normal tongue morphology. 4. Facial morphology and others: Facial asymmetry. Convex profile. Deep mentolabial sulcus. Missing teeth 12, 31 with retained primar""}, {""index"": 602, ""terms"": [""missing""], ""text"": ""Teeth 14, 15, 16, 17, and 31 are missing with normal gingiva and occlusion. Tooth 41 shows grade III mobility, gingival redness, heavy calculus, and bleeding on probing.""}]"
examination,label_tooth_structure_loss,8775,4,0.0004558404558404558,1,3,76,0.008660968660968662,16,60,"[{""index"": 4060, ""terms"": [""tooth structure loss""], ""text"": ""Tooth 16 shows palatal amalgam filling loss, extensive tooth structure loss, dark carious lesion, probe catches, reaching deep dentin, sensitive to cold stimuli.""}, {""index"": 4071, ""terms"": [""tooth structure loss""], ""text"": ""Tooth 16 shows distal surface tooth structure loss with dark carious lesions, probe catches, reaching deep dentin, and cold sensitivity causing pain. Tooth 17 has proximal brown caries, probe catches, reaching dentin. Tooth 46 shows dark carious lesions in pits and fissures, probe catches, reaching dentin.""}, {""index"": 4614, ""terms"": [""tooth structure loss""], ""text"": ""Tooth 22 has a porcelain crown with grade three mobility and a fracture extending subgingivally, no percussion sensitivity. Tooth 12 shows mesial incisal angle loss with lingual filling present, no percussion sensitivity, gingival swelling, and easy bleeding on probing. Teeth 11 and 21 show ink-like interproximal changes with probe retention reaching deep dentin. Teeth 17 and 18 show ink-colored carious lesions in fissures, probe retention reaching the pulp chamber, with extensive tooth structur""}, {""index"": 7652, ""terms"": [""tooth structure loss""], ""text"": ""Poor overall oral hygiene, accumulation of soft plaque at the cervical areas, no significant tooth structure loss detected.""}]","[{""index"": 125, ""terms"": [""wear""], ""text"": ""Teeth 36, 37, 46, and 47 have multiple occlusal restorations. Anterior teeth exhibit tight occlusion. Teeth 11 and 21 show mesiolingual rotation with a 0.5mm gap. Severe wear is noted on the lower anterior teeth.""}, {""index"": 192, ""terms"": [""fracture""], ""text"": ""Fracture of the mandibular crown.""}, {""index"": 221, ""terms"": [""wear""], ""text"": ""Teeth 11 and 21 have poor fit and significant wear on the crowns. The patient reports minimal use of bite blocks.""}, {""index"": 398, ""terms"": [""wear""], ""text"": ""Condition remains unchanged from previous visit; patient did not wear appliance during the day.""}, {""index"": 414, ""terms"": [""wear""], ""text"": ""Teeth 31, 32, and 41 show incisal wear and percussion sensitivity. No response to electric vitality testing.""}]"
